<?xml version="1.0" encoding="UTF-8"?><assembly xmlns:xsi="http://www.w3.org/2001/XMLSchema-instance" xsi:schemaLocation="http://maven.apache.org/plugins/maven-assembly-plugin/assembly/1.1.2 http://maven.apache.org/xsd/assembly-1.1.2.xsd">
    <id>bin</id>
    <includeBaseDirectory>false</includeBaseDirectory>
    <formats>
        <format>zip</format>
    </formats>
    <files>
        <file>
            <!-- jobInfo.properties -->
            <source>${basedir}/src/main/templates/jobInfo_template.properties
			</source>
            <outputDirectory>.</outputDirectory>
            <destName>jobInfo.properties</destName>
            <filtered>true</filtered>
        </file>
        <file>
            <!-- sh -->
            <source>${basedir}/src/main/templates/Job_run_template.sh</source>
            <outputDirectory>${talend.job.name}</outputDirectory>
            <destName>${talend.job.name}_run.sh</destName>
            <filtered>true</filtered>
        </file>
        <file>
            <!-- bat -->
            <source>${basedir}/src/main/templates/Job_run_template.bat</source>
            <outputDirectory>${talend.job.name}</outputDirectory>
            <destName>${talend.job.name}_run.bat</destName>
            <filtered>true</filtered>
        </file>
        <file>
            <!-- ps1 -->
            <source>${basedir}/src/main/templates/Job_run_template.ps1</source>
            <outputDirectory>${talend.job.name}</outputDirectory>
            <destName>${talend.job.name}_run.ps1</destName>
            <filtered>true</filtered>
        </file>
        <file>
            <source>C:\Users\2382187\Downloads\Talend-Studio-20240527_1700-V8.0.1 (1)\Talend-Studio-20240527_1700-V8.0.1\configuration\.m2\repository\org\dom4j\dom4j\2.1.3\dom4j-2.1.3.jar</source>
            <outputDirectory>lib</outputDirectory>
            <destName>dom4j-2.1.3.jar</destName>
        </file>
        <file>
            <source>C:\Users\2382187\Downloads\Talend-Studio-20240527_1700-V8.0.1 (1)\Talend-Studio-20240527_1700-V8.0.1\configuration\.m2\repository\org\talend\components\talend_file_enhanced\1.3.1\talend_file_enhanced-1.3.1.jar</source>
            <outputDirectory>lib</outputDirectory>
            <destName>talend_file_enhanced-1.3.1.jar</destName>
        </file>
        <file>
            <source>C:\Users\2382187\Downloads\Talend-Studio-20240527_1700-V8.0.1 (1)\Talend-Studio-20240527_1700-V8.0.1\configuration\.m2\repository\org\jboss\marshalling\jboss-marshalling\2.0.12.Final\jboss-marshalling-2.0.12.Final.jar</source>
            <outputDirectory>lib</outputDirectory>
            <destName>jboss-marshalling-2.0.12.Final.jar</destName>
        </file>
        <file>
            <source>C:\Users\2382187\Downloads\Talend-Studio-20240527_1700-V8.0.1 (1)\Talend-Studio-20240527_1700-V8.0.1\configuration\.m2\repository\org\apache\logging\log4j\log4j-slf4j-impl\2.17.1\log4j-slf4j-impl-2.17.1.jar</source>
            <outputDirectory>lib</outputDirectory>
            <destName>log4j-slf4j-impl-2.17.1.jar</destName>
        </file>
        <file>
            <source>C:\Users\2382187\Downloads\Talend-Studio-20240527_1700-V8.0.1 (1)\Talend-Studio-20240527_1700-V8.0.1\configuration\.m2\repository\org\slf4j\slf4j-api\1.7.34\slf4j-api-1.7.34.jar</source>
            <outputDirectory>lib</outputDirectory>
            <destName>slf4j-api-1.7.34.jar</destName>
        </file>
        <file>
            <source>C:\Users\2382187\Downloads\Talend-Studio-20240527_1700-V8.0.1 (1)\Talend-Studio-20240527_1700-V8.0.1\configuration\.m2\repository\org\talend\daikon\crypto-utils\7.1.16\crypto-utils-7.1.16.jar</source>
            <outputDirectory>lib</outputDirectory>
            <destName>crypto-utils-7.1.16.jar</destName>
        </file>
        <file>
            <source>C:\Users\2382187\Downloads\Talend-Studio-20240527_1700-V8.0.1 (1)\Talend-Studio-20240527_1700-V8.0.1\configuration\.m2\repository\org\apache\logging\log4j\log4j-api\2.17.1\log4j-api-2.17.1.jar</source>
            <outputDirectory>lib</outputDirectory>
            <destName>log4j-api-2.17.1.jar</destName>
        </file>
        <file>
            <source>C:\Users\2382187\Downloads\Talend-Studio-20240527_1700-V8.0.1 (1)\Talend-Studio-20240527_1700-V8.0.1\configuration\.m2\repository\org\apache\logging\log4j\log4j-core\2.17.1\log4j-core-2.17.1.jar</source>
            <outputDirectory>lib</outputDirectory>
            <destName>log4j-core-2.17.1.jar</destName>
        </file>
    </files>
    <fileSets>
        <fileSet>
            <!-- templates -->
            <directory>${templates.dir}</directory>
            <outputDirectory>${talend.job.name}/src/main/templates/
			</outputDirectory>
            <includes>
                <include>**</include>
            </includes>
        </fileSet>
        <fileSet>
            <!-- log4j resources -->
            <directory>${log4j.resources.dir}</directory>
            <outputDirectory>${output.resources.dir}/
			</outputDirectory>
            <includes>
                <include>log4j.xml</include>
            </includes>
        </fileSet>
        <fileSet>
            <!-- log4j.xml for running -->
            <directory>${log4j.running.dir}</directory>
            <outputDirectory>${talend.job.name}</outputDirectory>
            <includes>
                <include>log4j.xml</include>
            </includes>
        </fileSet>
        <fileSet>
            <!-- xmlMappings resources -->
            <directory>${xmlMappings.resources.dir}</directory>
            <outputDirectory>${output.resources.dir}/xmlMappings/
			</outputDirectory>
            <includes>
                <include>**/*.*</include>
            </includes>
        </fileSet>
        <fileSet>
            <!-- xmlMappings for running -->
            <directory>${xmlMappings.running.dir}</directory>
            <outputDirectory>${talend.job.name}/xmlMappings/
			</outputDirectory>
            <includes>
                <include>**/*.*</include>
            </includes>
        </fileSet>
        <fileSet>
            <!-- rules resources -->
            <directory>${rules.resources.dir}</directory>
            <outputDirectory>${output.resources.dir}/rules/
			</outputDirectory>
            <includes>
                <include>**/*.*</include>
            </includes>
        </fileSet>
        <fileSet>
            <!-- assembly_*.xml -->
            <directory>${assemblies.dir}</directory>
            <outputDirectory>${talend.job.name}/src/main/assemblies/
			</outputDirectory>
            <includes>
                <include>assembly.xml</include>
            </includes>
        </fileSet>
        <fileSet>
            <!-- pom_*.xml -->
            <directory>${poms.dir}</directory>
            <outputDirectory>${talend.job.name}</outputDirectory>
            <includes>
                <include>pom.xml</include>
            </includes>
        </fileSet>
        <fileSet>
            <!--parent pom.xml -->
            <directory>${parentpom.dir}</directory>
            <outputDirectory>.</outputDirectory>
            <includes>
                <include>pom.xml</include>
            </includes>
        </fileSet>
        <fileSet>
            <!--routines code -->
            <directory>${routinescode.dir}</directory>
            <outputDirectory>code/routines/src/main</outputDirectory>
            <includes>
                <include>**/**/*.*</include>
            </includes>
        </fileSet>
        <fileSet>
            <!--routines pom -->
            <directory>${routinespom.dir}</directory>
            <outputDirectory>code/routines/</outputDirectory>
            <includes>
                <include>pom.xml</include>
            </includes>
        </fileSet>
        <fileSet>
            <!--pigudf code -->
            <directory>${pigudfcode.dir}</directory>
            <outputDirectory>code/pigudf/src/main</outputDirectory>
            <includes>
                <include>**/**/*.*</include>
            </includes>
        </fileSet>
        <fileSet>
            <!--pifudf pom -->
            <directory>${pigudfpom.dir}</directory>
            <outputDirectory>code/pigudf/</outputDirectory>
            <includes>
                <include>pom.xml</include>
            </includes>
        </fileSet>
        <fileSet>
            <!--joblet -->
            <directory>${joblet.dir}</directory>
            <outputDirectory>jobs/</outputDirectory>
            <includes>
                <include>joblets*/**/*.*</include>
            </includes>
        </fileSet>
        <fileSet>
            <!-- add items -->
            <directory>${items.dir}</directory>
            <outputDirectory>${talend.job.name}</outputDirectory>
            <useDefaultExcludes>false</useDefaultExcludes>
            <includes>
                <include>**</include>
            </includes>
        </fileSet>
        <fileSet>
            <!-- add java source codes -->
            <directory>${sourcecodes.dir}</directory>
            <outputDirectory>${talend.job.name}/src/main/java/</outputDirectory>
            <includes>
                <include>${talend.job.path}/**</include>
            </includes>
        </fileSet>
        <fileSet>
            <!-- add context resources -->
            <directory>${resources.dir}</directory>
            <outputDirectory>${output.resources.dir}/
			</outputDirectory>
            <includes>
                <include>${talend.job.path}/**</include>
            </includes>
        </fileSet>
        <fileSet>
            <!-- add test source codes -->
            <directory>${test.sourcecodes.dir}</directory>
            <outputDirectory>${talend.job.name}/src/test/java/</outputDirectory>
            <includes>
                <include>${talend.job.path}/**</include>
            </includes>
        </fileSet>
        <fileSet>
            <!-- add test context resources -->
            <directory>${test.resources.dir}</directory>
            <outputDirectory>${talend.job.name}/src/test/resources/
			</outputDirectory>
            <includes>
                <include>${talend.job.path}/**</include>
            </includes>
        </fileSet>
        <fileSet>
            <!-- junits reports -->
            <directory>${test.reports.dir}</directory>
            <outputDirectory>sunfire-reports</outputDirectory>
            <includes>
                <include>**/*.*</include>
            </includes>
        </fileSet>
        <fileSet>
            <!-- add all resources for running -->
            <directory>${contexts.running.dir}</directory>
            <outputDirectory>${talend.job.name}</outputDirectory>
            <includes>
                <include>**/*.*</include>
            </includes>
        </fileSet>
        <!-- If have children jobs, will add here -->
        <fileSet>
            <!-- microservice config files -->
            <directory>${microservice.configs.dir}</directory>
            <outputDirectory>${talend.job.name}</outputDirectory>
            <includes>
                <include>config/**</include>
            </includes>
        </fileSet>
        <fileSet>
            <!-- microservice running config files -->
            <directory>${microservice.running.configs.dir}</directory>
            <outputDirectory>${talend.job.name}</outputDirectory>
            <includes>
                <include>config/**</include>
            </includes>
        </fileSet>
    </fileSets>
    <dependencySets>
        <dependencySet>
            <outputDirectory>lib</outputDirectory>
            <includes>
                <include>org.talend:system-routines:jar:8.0.1</include>
                <include>org.example.hms.code:routines:jar:8.0.1</include>
            </includes>
            <outputFileNameMapping>${artifact.artifactId}.${artifact.extension}</outputFileNameMapping>
            <useProjectArtifact>false</useProjectArtifact>
        </dependencySet>
        <dependencySet>
            <outputDirectory>lib</outputDirectory>
            <includes>
                <include>org.apache.logging.log4j:log4j-1.2-api:jar:2.17.1</include>
                <include>org.talend.components.lib:advancedPersistentLookupLib:jar:1.5</include>
                <include>org.apache.commons:commons-lang3:jar:3.10</include>
                <include>org.talend.components.lib:job-audit:jar:1.5</include>
                <include>net.minidev:accessors-smart:jar:2.4.11</include>
                <include>com.mysql:mysql-connector-j:jar:8.0.33</include>
                <include>org.talend.daikon:logging-event-layout:jar:1.16.1</include>
                <include>org.jboss.marshalling:jboss-marshalling-river:jar:2.0.12.Final</include>
                <include>org.ow2.asm:asm:jar:9.5</include>
                <include>org.talend.daikon:audit-log4j2:jar:1.16.1</include>
                <include>net.minidev:json-smart:jar:2.4.11</include>
                <include>commons-collections:commons-collections:jar:3.2.2</include>
                <include>trove:trove:jar:1.0.2</include>
                <include>org.talend.daikon:audit-common:jar:1.16.1</include>
            </includes>
            <useProjectArtifact>false</useProjectArtifact>
        </dependencySet>
        <dependencySet>
            <outputDirectory>${talend.job.name}</outputDirectory>
            <includes>
                <include>org.example.hms.job:Warehousing:jar:0.1.0</include>
            </includes>
            <outputFileNameMapping>${artifact.build.finalName}.${artifact.extension}</outputFileNameMapping>
            <useProjectArtifact>true</useProjectArtifact>
        </dependencySet>
    </dependencySets>
</assembly>
